{"stat.pickup.minecraft.bone":5,"stat.mineBlock.primal.ash_common":2,"stat.leaveGame":5,"stat.mineBlock.minecraft.pumpkin":2,"stat.pickup.minecraft.stone_pickaxe":1,"stat.pickup.minecraft.flint":15,"stat.mineBlock.minecraft.yellow_flower":4,"stat.pickup.traverse.yellow_autumnal_sapling":6,"stat.pickup.primal_tech.stone_grill":2,"stat.mineBlock.traverse.yellow_autumnal_leaves":6,"stat.useItem.primal_tech.fibre_torch":30,"stat.mineBlock.horsepower.chopping_block":6,"stat.pickup.totemic.totem_torch":13,"stat.swimOneCm":27327,"stat.pickup.rustic.ginseng":7,"stat.useItem.minecraft.planks":2,"stat.useItem.totemic.totem_torch":10,"stat.useItem.minecraft.dirt":91,"stat.useItem.primal.flint_hatchet":44,"stat.pickup.traverse.red_autumnal_sapling":2,"stat.pickup.minecraft.rotten_flesh":16,"stat.pickup.minecraft.sand":4,"stat.pickup.primal_tech.fibre_torch_lit":35,"stat.pickup.minecraft.cobblestone":220,"stat.pickup.ferdinandsflowers.block_cff_fungus":6,"stat.useItem.minecraft.stone_shovel":523,"stat.mineBlock.totemic.totem_torch":1,"stat.flyOneCm":16013,"stat.mineBlock.minecraft.sand":6,"stat.mineBlock.rustic.log":7,"stat.entityKilledBy.trumpetskeleton.TrumpetSkeleton":1,"stat.useItem.betterwithmods.cooked_mystery_meat":1,"stat.pickup.primal.sharp_bone":1,"stat.useItem.primal_tech.fire_sticks":7,"stat.pickup.progressiontweaks.spear":1,"stat.timeSinceDeath":78537,"stat.pickup.traverse.orange_autumnal_sapling":6,"stat.mineBlock.primal_tech.fibre_torch":1,"stat.pickup.mekanism.salt":28,"stat.killEntity.ZombieVillager":1,"stat.killEntity.Creeper":1,"stat.talkedToVillager":1,"stat.pickup.minecraft.string":1,"stat.mineBlock.minecraft.grass":111,"stat.pickup.tombstone.crafting_ingredient":1,"stat.craftItem.primal_tech.work_stump":1,"stat.pickup.ferdinandsflowers.block_cff_dark":1,"stat.sprintOneCm":129112,"stat.useItem.primal.flint_workblade":1,"stat.pickup.minecraft.bone_block":16,"stat.useItem.carryon.tile_item":5,"stat.mineBlock.contenttweaker.sub_block_holder_0":1,"stat.pickup.minecraft.pumpkin_seeds":2,"stat.useItem.minecraft.carrot":5,"stat.craftItem.primal_tech.fibre_torch":38,"stat.mineBlock.traverse.orange_autumnal_leaves":4,"stat.deaths":6,"stat.mineBlock.minecraft.planks":2,"stat.drop":2,"stat.pickup.minecraft.egg":4,"stat.pickup.horsepower.chopping_block":6,"stat.craftItem.primal.flint_hatchet":1,"stat.playOneMinute":312565,"stat.pickup.betterwithmods.mystery_meat":3,"stat.killEntity.Zombie":12,"stat.mineBlock.minecraft.tallgrass":674,"stat.diveOneCm":51996,"stat.pickup.minecraft.wheat":14,"stat.craftItem.primal.plant_cordage":157,"stat.pickup.primal_tech.fibre_torch":1,"stat.pickup.primal.ash_common":2,"stat.mineBlock.traverse.red_autumnal_leaves":6,"stat.mineBlock.ferdinandsflowers.block_cff_doublesc":1,"stat.mineBlock.ferdinandsflowers.block_cff_flowersc":4,"stat.mineBlock.rustic.chamomile":1,"stat.mineBlock.ferdinandsflowers.block_cff_flowersb":2,"stat.pickup.minecraft.gravel":31,"stat.pickup.minecraft.stone_axe":1,"stat.mineBlock.ferdinandsflowers.block_cff_flowersd":1,"stat.pickup.rustic.chamomile":1,"stat.craftItem.minecraft.flint":31,"stat.craftItem.pickletweaks.grass_mesh":1,"stat.jump":197,"stat.pickup.betterwithmods.hemp":3,"stat.pickup.immcraft.rock":25,"stat.pickup.primal.flint_pickaxe":1,"stat.fallOneCm":6642,"stat.pickup.betterwithmods.material":2,"stat.pickup.progressiontweaks.fire_pit_unlit":3,"stat.useItem.primal.flint_axe":147,"stat.pickup.minecraft.carrot":39,"stat.useItem.minecraft.stone_axe":92,"stat.mineBlock.rustic.horsetail":1,"stat.crouchOneCm":2794,"stat.useItem.progressiontweaks.spear":5,"stat.pickup.minecraft.spider_eye":1,"stat.pickup.minecraft.dirt":583,"stat.mineBlock.progressiontweaks.fire_pit_unlit":2,"stat.pickup.rustic.horsetail":3,"stat.pickup.rustic.log":8,"stat.pickup.minecraft.stone_shovel":3,"stat.mineBlock.immcraft.rock":16,"stat.pickup.primal.plant_fiber":502,"stat.damageTaken":1673,"stat.pickup.minecraft.feather":2,"stat.mineBlock.geolosys.ore_sample":4,"stat.mineBlock.minecraft.red_flower":30,"stat.mineBlock.ferdinandsflowers.block_cff_fungus":1,"stat.pickup.primal.flint_knapp":53,"stat.mineBlock.minecraft.sapling":1,"stat.pickup.primal.rush_stems":9,"stat.useItem.primal.sharp_bone":62,"stat.pickup.minecraft.planks":162,"stat.pickup.minecraft.reeds":3,"stat.pickup.primal.terra_clump":139,"stat.pickup.minecraft.wheat_seeds":31,"stat.pickup.minecraft.potato":27,"stat.pickup.primal.flint_workblade":1,"stat.entityKilledBy.Zombie":4,"stat.mineBlock.minecraft.gravel":32,"stat.mineBlock.primal_tech.stone_grill":1,"stat.useItem.minecraft.stone_pickaxe":223,"stat.mineBlock.primal_tech.fibre_torch_lit":24,"stat.mineBlock.primal_tech.work_stump":3,"stat.damageDealt":3611,"stat.mineBlock.ferdinandsflowers.block_cff_doubles":1,"stat.mineBlock.primal.terra_block":38,"stat.mineBlock.minecraft.dirt":436,"stat.craftItem.horsepower.chopping_block":4,"stat.craftItem.primal_tech.rock":1,"stat.pickup.primal.mud_clump":5,"stat.drop.minecraft.stick":2,"stat.mineBlock.primal.rush":6,"stat.useItem.minecraft.air":45,"stat.walkOneCm":1232273,"stat.pickup.rustic.bee":2,"stat.mineBlock.mekanism.saltblock":7,"stat.mineBlock.ferdinandsflowers.block_cff_dark":1,"stat.pickup.minecraft.stick":201,"stat.useItem.minecraft.log":1,"stat.pickup.primal.flint_axe":1,"stat.pickup.minecraft.log":157,"stat.pickup.traverse.brown_autumnal_sapling":1,"stat.pickup.immcraft.chest":8,"stat.craftItem.primal.bark_ironwood":6,"stat.craftItem.primal_tech.fire_sticks":12,"stat.pickup.minecraft.stone":4,"stat.pickup.minecraft.sapling":15,"stat.pickup.minecraft.apple":5,"stat.pickup.minecraft.beetroot":10,"stat.mineBlock.primal.mud_wet":1,"stat.useItem.primal.flint_pickaxe":8,"stat.pickup.ferdinandsflowers.block_cff_doubles":1,"stat.useItem.primal_tech.fibre_torch_lit":7,"stat.killEntity.Spider":4,"stat.mobKills":18,"stat.mineBlock.minecraft.log":152,"stat.useItem.carryon.entity_item":2,"stat.pickup.primal_tech.work_stump":3,"stat.pickup.ferdinandsflowers.block_cff_doublesc":1,"stat.mineBlock.minecraft.leaves":37,"stat.pickup.minecraft.beetroot_seeds":29,"stat.pickup.minecraft.red_flower":29,"stat.sneakTime":1185,"stat.pickup.minecraft.yellow_flower":4,"stat.pickup.ferdinandsflowers.block_cff_flowersd":1,"stat.pickup.ferdinandsflowers.block_cff_flowersb":2,"stat.pickup.ferdinandsflowers.block_cff_flowersc":5,"stat.mineBlock.minecraft.stone":251,"stat.mineBlock.immcraft.sticks":7}